netty.http.connected;Duration
netty.http.connecting;null
netty.http.connection-failure;Duration,Throwable
netty.http.http-status;Int
netty.http.received-bytes
netty.http.received-response;Duration,Int
netty.http.receiving;Duration
netty.http.receiving.failed;Duration,Throwable
netty.http.sending-bytes;Int
netty.http.sending.failed;Duration,Throwable
netty.http.sending-request;null
netty.http.sending-request-failure;null
netty.http.sent-bytes;Duration,Int
netty.http.sent-request;null
netty.http.tls-connected;Duration
netty.http.tls-connection-failure;Duration,Throwable
netty.mqtt.publish.sending-records;Int
netty.mqtt.publish.sending.value-bytes;Int
netty.mqtt.subscribe.consumed.value-bytes;Int
netty.tcp.connected;Duration
netty.tcp.connecting;null
netty.tcp.connection-failure;Duration,Throwable
netty.tcp.received-response;Duration,Int
netty.tcp.receiving;Duration
netty.tcp.receiving.failed;Duration,Throwable
netty.tcp.sending-bytes;Int
netty.tcp.sending.failed;Duration,Throwable
netty.tcp.sending-request;null
netty.tcp.sending-request-failure;null
netty.tcp.sent-bytes;Duration,Int
netty.tcp.sent-request;null
netty.tcp.tls-connected;Duration
netty.tcp.tls-connection-failure;Duration,Throwable
netty.udp.sending-bytes;Int
netty.udp.sending.failed;Duration,Throwable
netty.udp.sending-request;null
netty.udp.sending-request-failure;null
netty.udp.sent-bytes;Duration,Int
netty.udp.sent-request;null
netty.udp.received-bytes;Duration,Int
netty.udp.receiving;Duration
netty.udp.receiving.failed;Duration,Throwable
netty.with-http.connected;Duration
netty.with-http.connecting;null
netty.with-http.connection-failure;Duration,Throwable
netty.with-http.received-response;Duration,Int
netty.with-http.receiving;Duration
netty.with-http.receiving.failed;Duration,Throwable
netty.with-http.sending-bytes;Int
netty.with-http.sending.failed;Duration,Throwable
netty.with-http.sending-request;null
netty.with-http.sending-request-failure;null
netty.with-http.sent-bytes;Duration,Int
netty.with-http.sent-request;null
netty.with-http.tls-connected;Duration
netty.with-http.tls-connection-failure;Duration,Throwable
netty.with-tcp.connected;Duration
netty.with-tcp.connecting;null
netty.with-tcp.connection-failure;Duration,Throwable
netty.with-tcp.received-response;Duration,Int
netty.with-tcp.receiving;Duration
netty.with-tcp.receiving.failed;Duration,Throwable
netty.with-tcp.sending-bytes;Int
netty.with-tcp.sending-request;null
netty.with-tcp.sending-request-failure;null
netty.with-tcp.sending.failed;Duration,Throwable
netty.with-tcp.sent-bytes;Duration,Int
netty.with-tcp.sent-request;null
netty.with-tcp.tls-connected;Duration
netty.with-tcp.tls-connection-failure;Duration,Throwable