mqtt-publish-sent-records;counter
mqtt-publish-sent-value-bytes;counter
mqtt-subscribe-consumed-records;counter
mqtt-subscribe-consumed-value-bytes;counter
netty-http-connected;counter
netty-http-connecting;counter
netty-http-connection-failure;counter
netty-http-http-status;counter
netty-http-received-response;counter
netty-http-receiving;counter
netty-http-receiving-failure;counter
netty-http-sending-bytes;counter
netty-http-sending-failure;counter
netty-http-sending-request;counter
netty-http-sending-request-failure;counter
netty-http-sent-bytes;counter
netty-http-sent-request;counter
netty-http-tls-connected;counter
netty-http-tls-failure;counter
netty-tcp-connected;counter
netty-tcp-connecting;counter
netty-tcp-connection-failure;counter
netty-tcp-received-response;counter
netty-tcp-receiving;counter
netty-tcp-receiving-failure;counter
netty-tcp-sending-bytes;counter
netty-tcp-sending-failure;counter
netty-tcp-sending-request;counter
netty-tcp-sending-request-failure;counter
netty-tcp-sent-bytes;counter
netty-tcp-sent-request;counter
netty-tcp-tls-connected;counter
netty-tcp-tls-failure;counter
netty-with-http-connected;counter
netty-with-http-connecting;counter
netty-with-http-connection-failure;counter
netty-with-http-received-response;counter
netty-with-http-receiving;counter
netty-with-http-receiving-failure;counter
netty-with-http-sending-bytes;counter
netty-with-http-sending-failure;counter
netty-with-http-sending-request;counter
netty-with-http-sending-request-failure;counter
netty-with-http-sent-bytes;counter
netty-with-http-sent-request;counter
netty-with-http-tls-connected;counter
netty-with-http-tls-failure;counter
netty-with-tcp-connected;counter
netty-with-tcp-connecting;counter
netty-with-tcp-connection-failure;counter
netty-with-tcp-received-response;counter
netty-with-tcp-receiving;counter
netty-with-tcp-receiving-failure;counter
netty-with-tcp-sending-bytes;counter
netty-with-tcp-sending-failure;counter
netty-with-tcp-sending-request;counter
netty-with-tcp-sending-request-failure;counter
netty-with-tcp-sent-bytes;counter
netty-with-tcp-sent-request;counter
netty-with-tcp-tls-connected;counter
netty-with-tcp-tls-failure;counter